Fraction,N_train,AUC,Std
0.1,64,0.9975141046692769,0.0016917774864589486
0.2,128,0.9982520735969012,0.0014916211937234536
0.3,192,0.9987688939413077,0.001626617225892793
0.5,321,0.9984240663551007,0.001780542420932401
0.7,450,0.9985230095574922,0.0014947187391168618
0.85,546,0.9982780725022105,0.0015362230467847232
1.0,643,0.9982288114184665,0.001718226612767266
