Modality,Mean |SHAP|,Contribution (%)
LFP Neural Signals,6.4413614,85.93778991699219
BBB Biomarkers,1.0540162,14.062216758728027
Total,7.4953775,100.0
